<?xml version="1.0" encoding="UTF-8"?>
<project-private xmlns="http://www.netbeans.org/ns/project-private/1">
    <editor-bookmarks xmlns="http://www.netbeans.org/ns/editor-bookmarks/2" lastBookmarkId="0"/>
    <open-files xmlns="http://www.netbeans.org/ns/projectui-open-files/2">
        <group>
            <file>file:/C:/wamp64/www/techanics/product.php</file>
            <file>file:/C:/wamp64/www/techanics/index_header.php</file>
            <file>file:/C:/wamp64/www/techanics/header_top.php</file>
            <file>file:/C:/wamp64/www/techanics/index.php</file>
            <file>file:/C:/wamp64/www/techanics/footer.php</file>
            <file>file:/C:/wamp64/www/techanics/assets/css/index.css</file>
            <file>file:/C:/wamp64/www/techanics/assets/css/style.css</file>
            <file>file:/C:/wamp64/www/techanics/custom.php</file>
        </group>
    </open-files>
</project-private>
